{"timestamp":[1777334400,1777420800,1777507200,1777593600,1777680000,1777939200,1778025600,1778112000,1778198400,1778284800,1778544000,1778630400,1778716800,1778803200,1778889600,1779148800,1779235200,1779321600,1779408000,1779494400,1779840000],"equity":[107011.120000,106179.850000,105302.040000,105580.310000,105429.510000,105429.510000,106880.260000,108175.670000,107404.080000,109604.830000,109814.740000,110560.770000,110668.240000,108278.290000,103830.310000,102919.640000,102708.020000,102708.020000,102588.170000,102588.170000,101559.430000],"profit_loss":[-113.540000,-831.270000,-877.810000,278.270000,-150.800000,0.000000,1450.750000,1295.410000,-771.590000,2200.750000,209.910000,746.030000,107.470000,-2389.950000,-4447.980000,-910.670000,-211.620000,0.000000,-119.850000,0.000000,-1028.740000],"profit_loss_pct":[-0.001100,-0.007800,-0.008300,0.002600,-0.001400,0.000000,0.013800,0.012100,-0.007100,0.020500,0.001900,0.006800,0.001000,-0.021600,-0.041100,-0.008800,-0.002100,0.000000,-0.001200,0.000000,-0.010000],"base_value":107124.660000,"base_value_asof":"2026-04-24","timeframe":"1D"}